[
  {
    "name": "Agoge",
    "uniqueTo": "Sparta",
    "cost": 100,
    "replaces": "Library",
    "requiredTech": "Writing",
    "maintenance": 1,
    "happiness": 1,	
    "culture": 1,
    "uniques": ["New [Millitary] units start with [15] Experience [in this city]", "Destroyed when the city is captured",]
                     

  },
  {
    "name": "Melon Dome",
    "uniqueTo": "Timurids",
    "cost": 120,
    "replaces": "Amphitheater",
    "requiredTech": "Drama and Poetry",
    "maintenance": 3,
    "happiness": 1,	
    "culture": 4,
    "faith": 1,
    "uniques": ["Destroyed when the city is captured"],
                        
      




  },
   
 ]