[

     {
     
       "name": "Krypteia",
      "unitType": "Sword",
      "requiredTech": "Iron Working",
      "movement": 2,
      "strength": 15,
      "cost": 80,
      "obsoleteTech": "Gunpowder",
      "upgradesTo": "Musketman",
      "replaces": "Swordsman",
      "uniqueTo": "Sparta",
      "uniques": ["Never appears as a Barbarian unit", "Unlocked with [Honor]", "+[3] Strength <when attacking>", "-[3] Strength <when defending>"],
      "requiredResource": "Iron",

      },
      {
     
       "name": "Macedonian Phalanx",
      "unitType": "Sword",
      "requiredTech": "Bronze Working",
      "movement": 2,
      "strength": 24,
      "cost": 80,
      "obsoleteTech": "Civil Service",
      "upgradesTo": "Pikeman",
      "replaces": "Spearman",
      "requiredResource": "Bronze",
      "promotions": ["Phalanx"],
      "uniqueTo": "Macedon",
    
      "uniques": ["Never appears as a Barbarian unit","+[10]% Strength for [All] units which have another [Millitary] unit in an adjacent tile"],
     
      },
        {
     
       "name": "Spartan Phalanx",
      "unitType": "Sword",
      "requiredTech": "Bronze Working",
      "movement": 2,
      "strength": 15,
      "cost": 65,
      "obsoleteTech": "Civil Service",
      "upgradesTo": "Pikeman",
      "replaces": "Spearman",
      "requiredResource": "Bronze",
      "uniqueTo": "Sparta",
      "promotions": ["Phalanx"],
      "uniques": ["Never appears as a Barbarian unit", "[-10]% Strength <vs [Melee] units>","[+20]% Strength <vs [Mounted] units>", "[+20]% Strength <vs [Ranged] units> <when defending>"],
     
      },
      {
     
       "name": "Platono's Cluster",
      "unitType": "Melee Water",
      "requiredTech": "Sailing",
      "movement": 8,
      "strength": 13,
      "cost": 60,
      "obsoleteTech": "Astronomy",
      "upgradesTo": "Caravel",
      "replaces": "Trireme",
      "uniqueTo": "Crete",
        "promotions": ["Boarding Party I"],
      "uniques": ["Never appears as a Barbarian unit", "[+5]% Strength <vs [Water] units>", "May capture killed [Water] units"],

      },
       {
     
       "name": "Cretan Archer",
      "unitType": "Ranged",
      "requiredTech": "Archery",
      "range": 2,
      "movement": 2,
      "strength": 7,
      "rangedStrength": 9
      "cost": 70,
      "obsoleteTech": "Construction",
      "upgradesTo": "Composite Bowman",
      "replaces": "Archer",
      "uniqueTo": "Crete",
      "uniques": ["Never appears as a Barbarian unit", "[+20]% Strength <vs [Melee] units> <when defending>", "[+10]% Strength <vs [Ranged] units>"],

      },
      {
     
       "name": "Turkoman Cavalry",
      "unitType": "Mounted",
      "requiredTech": "Chivalry",
      "movement": 4,
      "strength": 25,
      "cost": 140,
      "obsoleteTech": "Civil Service",
      "upgradesTo": "Cavalry",
      "upgradesFrom": "Horseman",
      "replaces": "Knight",
      "requiredResource": "Horses",
      "uniqueTo": "Timurids",
      "uniques": ["[+10]% Strength <vs [Melee] units>","[+10]% Strength <vs [Mounted] units>", "[-20]% Strength <vs [Ranged] units> <when defending>", "[-33]% Strength <vs cities>", "Can move after attacking", "No defensive terrain bonus"],
     
      },
      {
     
       "name": "SickleSwordsman",
      "unitType": "Sword",
      "requiredTech": "Bronze Working",
      "movement": 2,
      "strength": 15,
      "cost": 140,
      "obsoleteTech": "Gunpowder",
      "upgradesTo": "Musketman",
      "upgradesFrom": "Assyrian Warrior",
      "replaces": "Swordsman",
      "requiredResource": "Bronze",
      "uniqueTo": "Assyria",
      "uniques": ["[+5]% Strength <vs [Melee] units>", "[-10]% Strength <vs [Mounted] units>", "[-20]% Strength <vs [Ranged] units> <when defending>", "[-33]% Strength <vs cities>"],
     
      },
      {
     
       "name": "Assyrian Warrior",
      "unitType": "Sword",
      "requiredTech": "Agriculture",
      "movement": 2,
      "strength": 10,
      "cost": 50,
      "obsoleteTech": "Iron Working",
      "upgradesTo": "SickleSwordsman",
      "replaces": "Warrior",
      "uniqueTo": "Assyria",
      "uniques": ["[+2]% Strength <vs [Melee] units>", "[-33]% Strength <vs cities>"],
     
      },
   {
     
       "name": "Pantodapoi",
      "unitType": "Sword",
      "requiredTech": "Agriculture",
      "movement": 2,
      "strength": 4,
      "cost": 20,
      "obsoleteTech": "Iron Working",
      "upgradesTo": "Leukaspidai",
      "replaces": "Warrior",
      "uniqueTo": "Pontus",
      "uniques": ["[-33]% Strength <vs cities>"],
     
      },
   {
     
       "name": "Leukaspidai",
      "unitType": "Sword",
      "requiredTech": "Bronze Working",
      "movement": 2,
      "strength": 16,
      "cost": 70,
      "obsoleteTech": "Civil Service",
      "upgradesTo": "Swordsman",
      "replaces": "Spearman",
      "uniqueTo": "Pontus",
      "requiredResource": "Bronze",
      "uniques": ["[-33]% Strength <vs cities>","[+50]% Strength <vs [Mounted] units>"],
     
      },
   {
     
       "name": "Persikoi Hippakontistai",
      "unitType": "Ranged",
      "requiredTech": "Horseback Riding",
      "movement": 4,
      "strength": 4,
      "range": 2,
      "rangedStrength": 8
      "cost": 70,
      "obsoleteTech": "Chivalry",
      "upgradesTo": "Knight",
      "replaces": "Chariot Archer",
      "uniqueTo": "Pontus",
      "uniques": ["[-33]% Strength <vs cities>","[+50]% Strength <vs [Mounted] units>"],
     
      },
          {
     
       "name": "Bronze Swordsman",
      "unitType": "Sword",
      "requiredTech": "Bronze Working",
      "movement": 2,
      "strength": 10,
      "cost": 50,
      "obsoleteTech": "Gunpowder",
      "requiredResource": "Bronze",
      "upgradesTo": "Knight",
      "uniques": ["[-33]% Strength <vs cities>"],
     
      },



]
